,Decade,GDP
0,1960,106826419456.55363
1,1970,274289730070.25366
2,1980,652521882311.8367
3,1990,1202701112615.669
4,2000,1738974897821.6792
5,2010,2570714982331.8726
